n,e,d6,num_digons,num_distinct_eigenvalues,spectrum,max_eig,min_eig
5,14,&D^^WP?,4,2,4.000000;-1.000000;-1.000000;-1.000000;-1.000000,4.000000,-1.000000
5,14,&DXRF^?,4,2,4.000000;-1.000000;-1.000000;-1.000000;-1.000000,4.000000,-1.000000
5,16,&D^^^O?,6,2,4.000000;-1.000000;-1.000000;-1.000000;-1.000000,4.000000,-1.000000
5,16,&D¥ZVN?,6,2,4.000000;-1.000000;-1.000000;-1.000000;-1.000000,4.000000,-1.000000
5,20,&D^^^^?,10,2,4.000000;-1.000000;-1.000000;-1.000000;-1.000000,4.000000,-1.000000
5,13,&D^]WP?,3,4,3.732051;0.267949;-1.000000;-1.000000;-2.000000,3.732051,-2.000000
5,13,&D^^WO?,3,4,3.732051;0.267949;-1.000000;-1.000000;-2.000000,3.732051,-2.000000
5,13,&D¥ZO]?,3,4,3.732051;0.267949;-1.000000;-1.000000;-2.000000,3.732051,-2.000000
5,13,&D¥ZON?,3,4,3.732051;0.267949;-1.000000;-1.000000;-2.000000,3.732051,-2.000000
5,13,&DXQF^?,3,4,3.732051;0.267949;-1.000000;-1.000000;-2.000000,3.732051,-2.000000
5,13,&DXRF]?,3,4,3.732051;0.267949;-1.000000;-1.000000;-2.000000,3.732051,-2.000000
5,15,&D^^[P?,5,4,3.732051;0.267949;-1.000000;-1.000000;-2.000000,3.732051,-2.000000
5,15,&D^^]O?,5,4,3.732051;0.267949;-1.000000;-1.000000;-2.000000,3.732051,-2.000000
5,15,&D¥RF^?,5,4,3.732051;0.267949;-1.000000;-1.000000;-2.000000,3.732051,-2.000000
5,15,&D¥ZUN?,5,4,3.732051;0.267949;-1.000000;-1.000000;-2.000000,3.732051,-2.000000
5,17,&D^^^W?,7,4,3.732051;0.267949;-1.000000;-1.000000;-2.000000,3.732051,-2.000000
5,17,&D^ZVN?,7,4,3.732051;0.267949;-1.000000;-1.000000;-2.000000,3.732051,-2.000000
5,19,&D^^^]?,9,4,3.732051;0.267949;-1.000000;-1.000000;-2.000000,3.732051,-2.000000
5,12,&D^[XO?,2,4,3.626198;0.515138;-1.000000;-1.000000;-2.141336,3.626198,-2.141336
5,12,&D^[PB?,2,4,3.626198;0.515138;-1.000000;-1.000000;-2.141336,3.626198,-2.141336
5,12,&D¥WX[?,2,4,3.626198;0.515138;-1.000000;-1.000000;-2.141336,3.626198,-2.141336
5,12,&D¥WPN?,2,4,3.626198;0.515138;-1.000000;-1.000000;-2.141336,3.626198,-2.141336
5,14,&D^]XP?,4,4,3.626198;0.515138;-1.000000;-1.000000;-2.141336,3.626198,-2.141336
5,14,&D^^[O?,4,4,3.626198;0.515138;-1.000000;-1.000000;-2.141336,3.626198,-2.141336
5,14,&D^VNO?,4,4,3.626198;0.515138;-1.000000;-1.000000;-2.141336,3.626198,-2.141336
5,16,&D^VNU?,6,4,3.626198;0.515138;-1.000000;-1.000000;-2.141336,3.626198,-2.141336
5,16,&D^^]P?,6,4,3.626198;0.515138;-1.000000;-1.000000;-2.141336,3.626198,-2.141336
5,14,&D¥ZSN?,4,4,3.626198;0.515138;-1.000000;-1.000000;-2.141336,3.626198,-2.141336
5,14,&D¥RFN?,4,4,3.626198;0.515138;-1.000000;-1.000000;-2.141336,3.626198,-2.141336
5,16,&D^^[X?,6,4,3.626198;0.515138;-1.000000;-1.000000;-2.141336,3.626198,-2.141336
5,18,&D^^^[?,8,4,3.626198;0.515138;-1.000000;-1.000000;-2.141336,3.626198,-2.141336
5,18,&D^^VN?,8,4,3.626198;0.515138;-1.000000;-1.000000;-2.141336,3.626198,-2.141336
5,13,&D^]XO?,3,5,3.520147;0.557537;-0.284079;-1.793604;-2.000000,3.520147,-2.000000
5,13,&D¥YPN?,3,5,3.520147;0.557537;-0.284079;-1.793604;-2.000000,3.520147,-2.000000
5,15,&D^VNS?,5,5,3.520147;0.557537;-0.284079;-1.793604;-2.000000,3.520147,-2.000000
5,17,&D^^]X?,7,5,3.520147;0.557537;-0.284079;-1.793604;-2.000000,3.520147,-2.000000
5,12,&D^]WO?,2,5,3.449490;0.414214;0.000000;-1.449490;-2.414214,3.449490,-2.414214
5,14,&D^]ZO?,4,5,3.449490;0.414214;0.000000;-1.449490;-2.414214,3.449490,-2.414214
5,12,&D¥YO]?,2,5,3.449490;0.414214;0.000000;-1.449490;-2.414214,3.449490,-2.414214
5,12,&D¥YON?,2,5,3.449490;0.414214;0.000000;-1.449490;-2.414214,3.449490,-2.414214
5,14,&D¥YRN?,4,5,3.449490;0.414214;0.000000;-1.449490;-2.414214,3.449490,-2.414214
5,12,&DXQF]?,2,5,3.449490;0.414214;0.000000;-1.449490;-2.414214,3.449490,-2.414214
5,14,&D^][P?,4,5,3.449490;0.414214;0.000000;-1.449490;-2.414214,3.449490,-2.414214
5,16,&D^^[T?,6,5,3.449490;0.414214;0.000000;-1.449490;-2.414214,3.449490,-2.414214
5,14,&D¥]SN?,4,5,3.449490;0.414214;0.000000;-1.449490;-2.414214,3.449490,-2.414214
5,16,&D¥VF^?,6,5,3.449490;0.414214;0.000000;-1.449490;-2.414214,3.449490,-2.414214
5,16,&D^^]W?,6,5,3.449490;0.414214;0.000000;-1.449490;-2.414214,3.449490,-2.414214
5,18,&D^^]Z?,8,5,3.449490;0.414214;0.000000;-1.449490;-2.414214,3.449490,-2.414214
5,16,&D^ZUN?,6,5,3.449490;0.414214;0.000000;-1.449490;-2.414214,3.449490,-2.414214
5,12,&D^[X@?,2,4,3.372281;1.000000;-1.000000;-1.000000;-2.372281,3.372281,-2.372281
5,12,&D^WXS?,2,4,3.372281;1.000000;-1.000000;-1.000000;-2.372281,3.372281,-2.372281
5,12,&D^WPF?,2,4,3.372281;1.000000;-1.000000;-1.000000;-2.372281,3.372281,-2.372281
5,12,&D¥WXL?,2,4,3.372281;1.000000;-1.000000;-1.000000;-2.372281,3.372281,-2.372281
5,14,&D^]PR?,4,4,3.372281;1.000000;-1.000000;-1.000000;-2.372281,3.372281,-2.372281
5,14,&D^]YP?,4,4,3.372281;1.000000;-1.000000;-1.000000;-2.372281,3.372281,-2.372281
5,14,&D^^OR?,4,4,3.372281;1.000000;-1.000000;-1.000000;-2.372281,3.372281,-2.372281
5,14,&D¥ZO^?,4,4,3.372281;1.000000;-1.000000;-1.000000;-2.372281,3.372281,-2.372281
5,14,&D¥RB^?,4,4,3.372281;1.000000;-1.000000;-1.000000;-2.372281,3.372281,-2.372281
5,14,&D^^[@?,4,4,3.372281;1.000000;-1.000000;-1.000000;-2.372281,3.372281,-2.372281
5,14,&D^^LO?,4,4,3.372281;1.000000;-1.000000;-1.000000;-2.372281,3.372281,-2.372281
5,14,&D^VN@?,4,4,3.372281;1.000000;-1.000000;-1.000000;-2.372281,3.372281,-2.372281
5,16,&D^^]Q?,6,4,3.372281;1.000000;-1.000000;-1.000000;-2.372281,3.372281,-2.372281
5,16,&D^^^@?,6,4,3.372281;1.000000;-1.000000;-1.000000;-2.372281,3.372281,-2.372281
5,16,&D^ZVF?,6,4,3.372281;1.000000;-1.000000;-1.000000;-2.372281,3.372281,-2.372281
5,14,&D¥ZS]?,4,4,3.372281;1.000000;-1.000000;-1.000000;-2.372281,3.372281,-2.372281
5,14,&D¥ZDN?,4,4,3.372281;1.000000;-1.000000;-1.000000;-2.372281,3.372281,-2.372281
5,14,&D¥RF]?,4,4,3.372281;1.000000;-1.000000;-1.000000;-2.372281,3.372281,-2.372281
5,16,&D¥ZU^?,6,4,3.372281;1.000000;-1.000000;-1.000000;-2.372281,3.372281,-2.372281
5,18,&D^^^L?,8,4,3.372281;1.000000;-1.000000;-1.000000;-2.372281,3.372281,-2.372281
5,11,&D^[WO?,1,5,3.360073;0.655762;-0.339102;-1.000000;-2.676733,3.360073,-2.676733
5,11,&D¥WW[?,1,5,3.360073;0.655762;-0.339102;-1.000000;-2.676733,3.360073,-2.676733
5,11,&D¥WO]?,1,5,3.360073;0.655762;-0.339102;-1.000000;-2.676733,3.360073,-2.676733
5,11,&D¥WON?,1,5,3.360073;0.655762;-0.339102;-1.000000;-2.676733,3.360073,-2.676733
5,11,&DXO][?,1,5,3.360073;0.655762;-0.339102;-1.000000;-2.676733,3.360073,-2.676733
5,11,&DXOU]?,1,5,3.360073;0.655762;-0.339102;-1.000000;-2.676733,3.360073,-2.676733
5,11,&DXOF]?,1,5,3.360073;0.655762;-0.339102;-1.000000;-2.676733,3.360073,-2.676733
5,11,&DPB][?,1,5,3.360073;0.655762;-0.339102;-1.000000;-2.676733,3.360073,-2.676733
5,13,&D^][O?,3,5,3.360073;0.655762;-0.339102;-1.000000;-2.676733,3.360073,-2.676733
5,15,&D^][R?,5,5,3.360073;0.655762;-0.339102;-1.000000;-2.676733,3.360073,-2.676733
5,17,&D^VNV?,7,5,3.360073;0.655762;-0.339102;-1.000000;-2.676733,3.360073,-2.676733
5,17,&D^^]R?,7,5,3.360073;0.655762;-0.339102;-1.000000;-2.676733,3.360073,-2.676733
5,13,&D¥YSN?,3,5,3.360073;0.655762;-0.339102;-1.000000;-2.676733,3.360073,-2.676733
5,15,&D¥][N?,5,5,3.360073;0.655762;-0.339102;-1.000000;-2.676733,3.360073,-2.676733
5,15,&D^^[W?,5,5,3.360073;0.655762;-0.339102;-1.000000;-2.676733,3.360073,-2.676733
5,15,&D^ZSN?,5,5,3.360073;0.655762;-0.339102;-1.000000;-2.676733,3.360073,-2.676733
5,15,&D^RF]?,5,5,3.360073;0.655762;-0.339102;-1.000000;-2.676733,3.360073,-2.676733
5,17,&D^^][?,7,5,3.360073;0.655762;-0.339102;-1.000000;-2.676733,3.360073,-2.676733
5,13,&D^]X@?,3,5,3.230094;1.144225;-0.436353;-1.573355;-2.364612,3.230094,-2.364612
5,13,&D^]PB?,3,5,3.230094;1.144225;-0.436353;-1.573355;-2.364612,3.230094,-2.364612
5,13,&D^YXS?,3,5,3.230094;1.144225;-0.436353;-1.573355;-2.364612,3.230094,-2.364612
5,13,&D^]YO?,3,5,3.230094;1.144225;-0.436353;-1.573355;-2.364612,3.230094,-2.364612
5,15,&D^]YR?,5,5,3.230094;1.144225;-0.436353;-1.573355;-2.364612,3.230094,-2.364612
5,13,&D¥]WJ?,3,5,3.230094;1.144225;-0.436353;-1.573355;-2.364612,3.230094,-2.364612
5,13,&D¥]PJ?,3,5,3.230094;1.144225;-0.436353;-1.573355;-2.364612,3.230094,-2.364612
5,13,&D¥YX[?,3,5,3.230094;1.144225;-0.436353;-1.573355;-2.364612,3.230094,-2.364612
5,13,&D¥YP]?,3,5,3.230094;1.144225;-0.436353;-1.573355;-2.364612,3.230094,-2.364612
5,13,&D¥YQN?,3,5,3.230094;1.144225;-0.436353;-1.573355;-2.364612,3.230094,-2.364612
5,13,&DXYTN?,3,5,3.230094;1.144225;-0.436353;-1.573355;-2.364612,3.230094,-2.364612
5,15,&D^^LQ?,5,5,3.230094;1.144225;-0.436353;-1.573355;-2.364612,3.230094,-2.364612
5,15,&D^^[S?,5,5,3.230094;1.144225;-0.436353;-1.573355;-2.364612,3.230094,-2.364612
5,15,&D^VFU?,5,5,3.230094;1.144225;-0.436353;-1.573355;-2.364612,3.230094,-2.364612
5,15,&D¥VF]?,5,5,3.230094;1.144225;-0.436353;-1.573355;-2.364612,3.230094,-2.364612
5,17,&D^^]Y?,7,5,3.230094;1.144225;-0.436353;-1.573355;-2.364612,3.230094,-2.364612
5,17,&D^Z]¥?,7,5,3.230094;1.144225;-0.436353;-1.573355;-2.364612,3.230094,-2.364612
5,13,&D^]OR?,3,4,3.210184;1.260711;-1.000000;-1.000000;-2.470896,3.210184,-2.470896
5,13,&D^]@R?,3,4,3.210184;1.260711;-1.000000;-1.000000;-2.470896,3.210184,-2.470896
5,13,&D^YWT?,3,4,3.210184;1.260711;-1.000000;-1.000000;-2.470896,3.210184,-2.470896
5,13,&D^QYT?,3,4,3.210184;1.260711;-1.000000;-1.000000;-2.470896,3.210184,-2.470896
5,13,&D^^OQ?,3,4,3.210184;1.260711;-1.000000;-1.000000;-2.470896,3.210184,-2.470896
5,13,&D^^OB?,3,4,3.210184;1.260711;-1.000000;-1.000000;-2.470896,3.210184,-2.470896
5,13,&D^ZOU?,3,4,3.210184;1.260711;-1.000000;-1.000000;-2.470896,3.210184,-2.470896
5,13,&D^ZOF?,3,4,3.210184;1.260711;-1.000000;-1.000000;-2.470896,3.210184,-2.470896
5,13,&D¥Z@]?,3,4,3.210184;1.260711;-1.000000;-1.000000;-2.470896,3.210184,-2.470896
5,13,&D¥Z@N?,3,4,3.210184;1.260711;-1.000000;-1.000000;-2.470896,3.210184,-2.470896
5,13,&D¥RB]?,3,4,3.210184;1.260711;-1.000000;-1.000000;-2.470896,3.210184,-2.470896
5,13,&D¥RBN?,3,4,3.210184;1.260711;-1.000000;-1.000000;-2.470896,3.210184,-2.470896
5,13,&DX]DZ?,3,4,3.210184;1.260711;-1.000000;-1.000000;-2.470896,3.210184,-2.470896
5,13,&DXYD^?,3,4,3.210184;1.260711;-1.000000;-1.000000;-2.470896,3.210184,-2.470896
5,13,&DXQ]¥?,3,4,3.210184;1.260711;-1.000000;-1.000000;-2.470896,3.210184,-2.470896
5,13,&DXQU^?,3,4,3.210184;1.260711;-1.000000;-1.000000;-2.470896,3.210184,-2.470896
5,15,&D^^LP?,5,4,3.210184;1.260711;-1.000000;-1.000000;-2.470896,3.210184,-2.470896
5,15,&D^VNP?,5,4,3.210184;1.260711;-1.000000;-1.000000;-2.470896,3.210184,-2.470896
5,15,&D^RFV?,5,4,3.210184;1.260711;-1.000000;-1.000000;-2.470896,3.210184,-2.470896
5,15,&D^^]@?,5,4,3.210184;1.260711;-1.000000;-1.000000;-2.470896,3.210184,-2.470896
5,15,&D^^UQ?,5,4,3.210184;1.260711;-1.000000;-1.000000;-2.470896,3.210184,-2.470896
5,15,&D¥^[X?,5,4,3.210184;1.260711;-1.000000;-1.000000;-2.470896,3.210184,-2.470896
5,15,&D¥ZS^?,5,4,3.210184;1.260711;-1.000000;-1.000000;-2.470896,3.210184,-2.470896
5,15,&D¥ZD^?,5,4,3.210184;1.260711;-1.000000;-1.000000;-2.470896,3.210184,-2.470896
5,15,&D¥Z]L?,5,4,3.210184;1.260711;-1.000000;-1.000000;-2.470896,3.210184,-2.470896
5,15,&D¥ZU]?,5,4,3.210184;1.260711;-1.000000;-1.000000;-2.470896,3.210184,-2.470896
5,17,&D^^^H?,7,4,3.210184;1.260711;-1.000000;-1.000000;-2.470896,3.210184,-2.470896
5,17,&D^^VJ?,7,4,3.210184;1.260711;-1.000000;-1.000000;-2.470896,3.210184,-2.470896
5,12,&D^]OB?,2,5,3.134150;1.166810;-0.300594;-1.398585;-2.601780,3.134150,-2.601780
5,12,&D^YWS?,2,5,3.134150;1.166810;-0.300594;-1.398585;-2.601780,3.134150,-2.601780
5,12,&D¥]OJ?,2,5,3.134150;1.166810;-0.300594;-1.398585;-2.601780,3.134150,-2.601780
5,12,&D¥YW[?,2,5,3.134150;1.166810;-0.300594;-1.398585;-2.601780,3.134150,-2.601780
5,12,&D¥Y@N?,2,5,3.134150;1.166810;-0.300594;-1.398585;-2.601780,3.134150,-2.601780
5,12,&D¥QQ]?,2,5,3.134150;1.166810;-0.300594;-1.398585;-2.601780,3.134150,-2.601780
5,12,&DXYDN?,2,5,3.134150;1.166810;-0.300594;-1.398585;-2.601780,3.134150,-2.601780
5,12,&DXQU]?,2,5,3.134150;1.166810;-0.300594;-1.398585;-2.601780,3.134150,-2.601780
5,14,&D^][Q?,4,5,3.134150;1.166810;-0.300594;-1.398585;-2.601780,3.134150,-2.601780
5,14,&D^][B?,4,5,3.134150;1.166810;-0.300594;-1.398585;-2.601780,3.134150,-2.601780
5,16,&D^^LR?,6,5,3.134150;1.166810;-0.300594;-1.398585;-2.601780,3.134150,-2.601780
5,16,&D^VNT?,6,5,3.134150;1.166810;-0.300594;-1.398585;-2.601780,3.134150,-2.601780
5,16,&D^VFV?,6,5,3.134150;1.166810;-0.300594;-1.398585;-2.601780,3.134150,-2.601780
5,14,&D¥][J?,4,5,3.134150;1.166810;-0.300594;-1.398585;-2.601780,3.134150,-2.601780
5,14,&D¥Y[N?,4,5,3.134150;1.166810;-0.300594;-1.398585;-2.601780,3.134150,-2.601780
5,16,&D^^]H?,6,5,3.134150;1.166810;-0.300594;-1.398585;-2.601780,3.134150,-2.601780
5,16,&D^Z]L?,6,5,3.134150;1.166810;-0.300594;-1.398585;-2.601780,3.134150,-2.601780
5,16,&D^][V?,6,5,3.077684;0.726543;0.000000;-0.726543;-3.077684,3.077684,-3.077684
5,14,&D^][W?,4,5,3.077684;0.726543;0.000000;-0.726543;-3.077684,3.077684,-3.077684
5,12,&D^WWT?,2,5,3.057787;1.335441;-0.229967;-1.810260;-2.353001,3.057787,-2.353001
5,12,&D^WWF?,2,5,3.057787;1.335441;-0.229967;-1.810260;-2.353001,3.057787,-2.353001
5,12,&D¥OZ[?,2,5,3.057787;1.335441;-0.229967;-1.810260;-2.353001,3.057787,-2.353001
5,12,&D¥ORN?,2,5,3.057787;1.335441;-0.229967;-1.810260;-2.353001,3.057787,-2.353001
5,14,&D^YXT?,4,5,3.057787;1.335441;-0.229967;-1.810260;-2.353001,3.057787,-2.353001
5,14,&D^]YB?,4,5,3.057787;1.335441;-0.229967;-1.810260;-2.353001,3.057787,-2.353001
5,14,&D¥YP^?,4,5,3.057787;1.335441;-0.229967;-1.810260;-2.353001,3.057787,-2.353001
5,14,&D¥YYN?,4,5,3.057787;1.335441;-0.229967;-1.810260;-2.353001,3.057787,-2.353001
5,14,&D^^SQ?,4,5,3.057787;1.335441;-0.229967;-1.810260;-2.353001,3.057787,-2.353001
5,14,&D^VFQ?,4,5,3.057787;1.335441;-0.229967;-1.810260;-2.353001,3.057787,-2.353001
5,16,&D^Z]T?,6,5,3.057787;1.335441;-0.229967;-1.810260;-2.353001,3.057787,-2.353001
5,16,&D^Z]F?,6,5,3.057787;1.335441;-0.229967;-1.810260;-2.353001,3.057787,-2.353001
5,14,&D¥^SJ?,4,5,3.057787;1.335441;-0.229967;-1.810260;-2.353001,3.057787,-2.353001
5,14,&D¥VFJ?,4,5,3.057787;1.335441;-0.229967;-1.810260;-2.353001,3.057787,-2.353001
5,16,&D^^SZ?,6,5,3.057787;1.335441;-0.229967;-1.810260;-2.353001,3.057787,-2.353001
5,11,&D^WWS?,1,5,3.054796;1.000000;0.161040;-1.493243;-2.722593,3.054796,-2.722593
5,11,&D^WOF?,1,5,3.054796;1.000000;0.161040;-1.493243;-2.722593,3.054796,-2.722593
5,11,&D¥OY[?,1,5,3.054796;1.000000;0.161040;-1.493243;-2.722593,3.054796,-2.722593
5,11,&D¥OQ]?,1,5,3.054796;1.000000;0.161040;-1.493243;-2.722593,3.054796,-2.722593
5,11,&D¥OJL?,1,5,3.054796;1.000000;0.161040;-1.493243;-2.722593,3.054796,-2.722593
5,11,&D¥OBN?,1,5,3.054796;1.000000;0.161040;-1.493243;-2.722593,3.054796,-2.722593
5,11,&DX@][?,1,5,3.054796;1.000000;0.161040;-1.493243;-2.722593,3.054796,-2.722593
5,11,&DX@F]?,1,5,3.054796;1.000000;0.161040;-1.493243;-2.722593,3.054796,-2.722593
5,13,&D¥]WX?,3,5,3.054796;1.000000;0.161040;-1.493243;-2.722593,3.054796,-2.722593
5,13,&D¥YO^?,3,5,3.054796;1.000000;0.161040;-1.493243;-2.722593,3.054796,-2.722593
5,13,&D¥QB^?,3,5,3.054796;1.000000;0.161040;-1.493243;-2.722593,3.054796,-2.722593
5,13,&D^][@?,3,5,3.054796;1.000000;0.161040;-1.493243;-2.722593,3.054796,-2.722593
5,13,&D^Y[S?,3,5,3.054796;1.000000;0.161040;-1.493243;-2.722593,3.054796,-2.722593
5,15,&D^][T?,5,5,3.054796;1.000000;0.161040;-1.493243;-2.722593,3.054796,-2.722593
5,15,&D^][F?,5,5,3.054796;1.000000;0.161040;-1.493243;-2.722593,3.054796,-2.722593
5,15,&D^^SR?,5,5,3.054796;1.000000;0.161040;-1.493243;-2.722593,3.054796,-2.722593
5,15,&D^Z]S?,5,5,3.054796;1.000000;0.161040;-1.493243;-2.722593,3.054796,-2.722593
5,15,&D^ZUF?,5,5,3.054796;1.000000;0.161040;-1.493243;-2.722593,3.054796,-2.722593
5,17,&D^Z]V?,7,5,3.054796;1.000000;0.161040;-1.493243;-2.722593,3.054796,-2.722593
5,13,&D¥]SJ?,3,5,3.054796;1.000000;0.161040;-1.493243;-2.722593,3.054796,-2.722593
5,15,&D¥][Z?,5,5,3.054796;1.000000;0.161040;-1.493243;-2.722593,3.054796,-2.722593
5,13,&D¥YS]?,3,5,3.054796;1.000000;0.161040;-1.493243;-2.722593,3.054796,-2.722593
5,15,&D¥]S^?,5,5,3.054796;1.000000;0.161040;-1.493243;-2.722593,3.054796,-2.722593
5,15,&D¥VFZ?,5,5,3.054796;1.000000;0.161040;-1.493243;-2.722593,3.054796,-2.722593
5,15,&D^^SJ?,5,5,3.054796;1.000000;0.161040;-1.493243;-2.722593,3.054796,-2.722593
5,15,&D^ZDN?,5,5,3.054796;1.000000;0.161040;-1.493243;-2.722593,3.054796,-2.722593
5,13,&D^]PQ?,3,5,3.028347;1.197083;-0.152993;-1.301257;-2.771179,3.028347,-2.771179
5,13,&D^YWF?,3,5,3.028347;1.197083;-0.152993;-1.301257;-2.771179,3.028347,-2.771179
5,13,&D^YPF?,3,5,3.028347;1.197083;-0.152993;-1.301257;-2.771179,3.028347,-2.771179
5,13,&D^]Y@?,3,5,3.028347;1.197083;-0.152993;-1.301257;-2.771179,3.028347,-2.771179
5,13,&D¥]XW?,3,5,3.028347;1.197083;-0.152993;-1.301257;-2.771179,3.028347,-2.771179
5,13,&D¥YW]?,3,5,3.028347;1.197083;-0.152993;-1.301257;-2.771179,3.028347,-2.771179
5,13,&D¥YXL?,3,5,3.028347;1.197083;-0.152993;-1.301257;-2.771179,3.028347,-2.771179
5,13,&D¥QRN?,3,5,3.028347;1.197083;-0.152993;-1.301257;-2.771179,3.028347,-2.771179
5,13,&D¥YQ]?,3,5,3.028347;1.197083;-0.152993;-1.301257;-2.771179,3.028347,-2.771179
5,13,&DX]TJ?,3,5,3.028347;1.197083;-0.152993;-1.301257;-2.771179,3.028347,-2.771179
5,15,&D^^SF?,5,5,3.028347;1.197083;-0.152993;-1.301257;-2.771179,3.028347,-2.771179
5,15,&D^VND?,5,5,3.028347;1.197083;-0.152993;-1.301257;-2.771179,3.028347,-2.771179
5,15,&D¥ZLN?,5,5,3.028347;1.197083;-0.152993;-1.301257;-2.771179,3.028347,-2.771179
5,17,&D^^UZ?,7,5,3.028347;1.197083;-0.152993;-1.301257;-2.771179,3.028347,-2.771179
5,11,&D^[OQ?,1,5,3.000000;1.732051;-1.000000;-1.732051;-2.000000,3.000000,-2.000000
5,12,&D^WXD?,2,4,3.000000;1.561553;-1.000000;-1.000000;-2.561553,3.000000,-2.561553
5,12,&D^OYT?,2,4,3.000000;1.561553;-1.000000;-1.000000;-2.561553,3.000000,-2.561553
5,12,&D^OBV?,2,4,3.000000;1.561553;-1.000000;-1.000000;-2.561553,3.000000,-2.561553
5,12,&D^@ZS?,2,5,3.000000;1.000000;0.000000;-1.000000;-3.000000,3.000000,-3.000000
5,12,&D^@RF?,2,5,3.000000;1.000000;0.000000;-1.000000;-3.000000,3.000000,-3.000000
5,11,&D¥WWL?,1,5,3.000000;1.732051;-1.000000;-1.732051;-2.000000,3.000000,-2.000000
5,12,&D¥WW¥?,2,4,3.000000;1.561553;-1.000000;-1.000000;-2.561553,3.000000,-2.561553
5,12,&D¥WW]?,2,5,3.000000;1.000000;0.000000;-1.000000;-3.000000,3.000000,-3.000000
5,12,&D¥DRJ?,2,5,3.000000;1.000000;0.000000;-1.000000;-3.000000,3.000000,-3.000000
5,12,&D¥@RN?,2,4,3.000000;1.561553;-1.000000;-1.000000;-2.561553,3.000000,-2.561553
5,11,&DXOUN?,1,5,3.000000;1.732051;-1.000000;-1.732051;-2.000000,3.000000,-2.000000
5,11,&DPBU]?,1,5,3.000000;1.732051;-1.000000;-1.732051;-2.000000,3.000000,-2.000000
5,14,&D^YWV?,4,5,3.000000;1.000000;0.000000;-1.000000;-3.000000,3.000000,-3.000000
5,14,&D^]YQ?,4,4,3.000000;1.561553;-1.000000;-1.000000;-2.561553,3.000000,-2.561553
5,14,&D^YYT?,4,4,3.000000;1.561553;-1.000000;-1.000000;-2.561553,3.000000,-2.561553
5,14,&D^^@R?,4,4,3.000000;1.561553;-1.000000;-1.000000;-2.561553,3.000000,-2.561553
5,14,&D^ZOV?,4,4,3.000000;1.561553;-1.000000;-1.000000;-2.561553,3.000000,-2.561553
5,14,&D^RBV?,4,4,3.000000;1.561553;-1.000000;-1.000000;-2.561553,3.000000,-2.561553
5,14,&D¥]XX?,4,5,3.000000;1.000000;0.000000;-1.000000;-3.000000,3.000000,-3.000000
5,14,&D¥]PZ?,4,4,3.000000;1.561553;-1.000000;-1.000000;-2.561553,3.000000,-2.561553
5,14,&D¥Z@^?,4,4,3.000000;1.561553;-1.000000;-1.000000;-2.561553,3.000000,-2.561553
5,13,&D^U]O?,3,5,3.000000;1.732051;-1.000000;-1.732051;-2.000000,3.000000,-2.000000
5,14,&D^^L@?,4,4,3.000000;1.561553;-1.000000;-1.000000;-2.561553,3.000000,-2.561553
5,14,&D^ZSU?,4,4,3.000000;1.561553;-1.000000;-1.000000;-2.561553,3.000000,-2.561553
5,14,&D^ZSF?,4,5,3.000000;1.000000;0.000000;-1.000000;-3.000000,3.000000,-3.000000
5,14,&D^RFU?,4,4,3.000000;1.561553;-1.000000;-1.000000;-2.561553,3.000000,-2.561553
5,14,&D^RFF?,4,5,3.000000;1.000000;0.000000;-1.000000;-3.000000,3.000000,-3.000000
5,16,&D^VNF?,6,5,3.000000;1.000000;0.000000;-1.000000;-3.000000,3.000000,-3.000000
5,16,&D^^UR?,6,5,3.000000;1.000000;0.000000;-1.000000;-3.000000,3.000000,-3.000000
5,16,&D^^]B?,6,4,3.000000;1.561553;-1.000000;-1.000000;-2.561553,3.000000,-2.561553
5,16,&D^^VB?,6,4,3.000000;1.561553;-1.000000;-1.000000;-2.561553,3.000000,-2.561553
5,13,&D¥QUN?,3,5,3.000000;1.732051;-1.000000;-1.732051;-2.000000,3.000000,-2.000000
5,14,&D¥^[W?,4,5,3.000000;1.000000;0.000000;-1.000000;-3.000000,3.000000,-3.000000
5,14,&D¥^[H?,4,4,3.000000;1.561553;-1.000000;-1.000000;-2.561553,3.000000,-2.561553
5,14,&D¥ZD]?,4,4,3.000000;1.561553;-1.000000;-1.000000;-2.561553,3.000000,-2.561553
5,14,&D¥VNW?,4,5,3.000000;1.000000;0.000000;-1.000000;-3.000000,3.000000,-3.000000
5,14,&D¥VNH?,4,4,3.000000;1.561553;-1.000000;-1.000000;-2.561553,3.000000,-2.561553
5,16,&D¥Z]¥?,6,4,3.000000;1.561553;-1.000000;-1.000000;-2.561553,3.000000,-2.561553
5,16,&D^^DZ?,6,4,3.000000;1.561553;-1.000000;-1.000000;-2.561553,3.000000,-2.561553
5,15,&D^ZS]?,5,5,3.000000;1.732051;-1.000000;-1.732051;-2.000000,3.000000,-2.000000
5,17,&D^^U]?,7,5,3.000000;1.732051;-1.000000;-1.732051;-2.000000,3.000000,-2.000000
5,12,&D^]@Q?,2,5,2.909313;1.239314;0.000000;-1.239314;-2.909313,2.909313,-2.909313
5,12,&D^YOU?,2,5,2.909313;1.239314;0.000000;-1.239314;-2.909313,2.909313,-2.909313
5,12,&D^YOF?,2,5,2.909313;1.239314;0.000000;-1.239314;-2.909313,2.909313,-2.909313
5,12,&D^QYS?,2,5,2.909313;1.239314;0.000000;-1.239314;-2.909313,2.909313,-2.909313
5,14,&D^]Z@?,4,5,2.909313;1.239314;0.000000;-1.239314;-2.909313,2.909313,-2.909313
5,14,&D^YZS?,4,5,2.909313;1.239314;0.000000;-1.239314;-2.909313,2.909313,-2.909313
5,14,&D^YRF?,4,5,2.909313;1.239314;0.000000;-1.239314;-2.909313,2.909313,-2.909313
5,12,&D¥]WW?,2,5,2.909313;1.239314;0.000000;-1.239314;-2.909313,2.909313,-2.909313
5,12,&D¥]WH?,2,5,2.909313;1.239314;0.000000;-1.239314;-2.909313,2.909313,-2.909313
5,12,&D¥YH[?,2,5,2.909313;1.239314;0.000000;-1.239314;-2.909313,2.909313,-2.909313
5,12,&D¥YHL?,2,5,2.909313;1.239314;0.000000;-1.239314;-2.909313,2.909313,-2.909313
5,12,&D¥UQY?,2,5,2.909313;1.239314;0.000000;-1.239314;-2.909313,2.909313,-2.909313
5,12,&D¥UQJ?,2,5,2.909313;1.239314;0.000000;-1.239314;-2.909313,2.909313,-2.909313
5,12,&D¥QB]?,2,5,2.909313;1.239314;0.000000;-1.239314;-2.909313,2.909313,-2.909313
5,12,&D¥QBN?,2,5,2.909313;1.239314;0.000000;-1.239314;-2.909313,2.909313,-2.909313
5,14,&D¥YZL?,4,5,2.909313;1.239314;0.000000;-1.239314;-2.909313,2.909313,-2.909313
5,12,&DX]DY?,2,5,2.909313;1.239314;0.000000;-1.239314;-2.909313,2.909313,-2.909313
5,12,&DXYS]?,2,5,2.909313;1.239314;0.000000;-1.239314;-2.909313,2.909313,-2.909313
5,12,&DXYSN?,2,5,2.909313;1.239314;0.000000;-1.239314;-2.909313,2.909313,-2.909313
5,12,&DXQ][?,2,5,2.909313;1.239314;0.000000;-1.239314;-2.909313,2.909313,-2.909313
5,14,&D^]SR?,4,5,2.909313;1.239314;0.000000;-1.239314;-2.909313,2.909313,-2.909313
5,14,&D^Y[T?,4,5,2.909313;1.239314;0.000000;-1.239314;-2.909313,2.909313,-2.909313
5,14,&D^][S?,4,5,2.909313;1.239314;0.000000;-1.239314;-2.909313,2.909313,-2.909313
5,14,&D^]SF?,4,5,2.909313;1.239314;0.000000;-1.239314;-2.909313,2.909313,-2.909313
5,16,&D^^SV?,6,5,2.909313;1.239314;0.000000;-1.239314;-2.909313,2.909313,-2.909313
5,14,&D¥][X?,4,5,2.909313;1.239314;0.000000;-1.239314;-2.909313,2.909313,-2.909313
5,14,&D¥YS^?,4,5,2.909313;1.239314;0.000000;-1.239314;-2.909313,2.909313,-2.909313
5,14,&D¥][L?,4,5,2.909313;1.239314;0.000000;-1.239314;-2.909313,2.909313,-2.909313
5,14,&D¥]S]?,4,5,2.909313;1.239314;0.000000;-1.239314;-2.909313,2.909313,-2.909313
5,16,&D¥ZL^?,6,5,2.909313;1.239314;0.000000;-1.239314;-2.909313,2.909313,-2.909313
5,16,&D^^UJ?,6,5,2.909313;1.239314;0.000000;-1.239314;-2.909313,2.909313,-2.909313
5,16,&D^Z][?,6,5,2.909313;1.239314;0.000000;-1.239314;-2.909313,2.909313,-2.909313
5,12,&D^]OQ?,2,5,2.895107;1.732051;-0.602705;-1.732051;-2.292402,2.895107,-2.292402
5,12,&D^YWD?,2,5,2.895107;1.732051;-0.602705;-1.732051;-2.292402,2.895107,-2.292402
5,12,&D¥]OY?,2,5,2.895107;1.732051;-0.602705;-1.732051;-2.292402,2.895107,-2.292402
5,12,&D¥YWL?,2,5,2.895107;1.732051;-0.602705;-1.732051;-2.292402,2.895107,-2.292402
5,12,&D¥Y@]?,2,5,2.895107;1.732051;-0.602705;-1.732051;-2.292402,2.895107,-2.292402
5,12,&D¥QQN?,2,5,2.895107;1.732051;-0.602705;-1.732051;-2.292402,2.895107,-2.292402
5,12,&DXYD]?,2,5,2.895107;1.732051;-0.602705;-1.732051;-2.292402,2.895107,-2.292402
5,12,&DXQUN?,2,5,2.895107;1.732051;-0.602705;-1.732051;-2.292402,2.895107,-2.292402
5,14,&D^U]S?,4,5,2.895107;1.732051;-0.602705;-1.732051;-2.292402,2.895107,-2.292402
5,14,&D^UUU?,4,5,2.895107;1.732051;-0.602705;-1.732051;-2.292402,2.895107,-2.292402
5,14,&D¥UU]?,4,5,2.895107;1.732051;-0.602705;-1.732051;-2.292402,2.895107,-2.292402
5,14,&D¥UUN?,4,5,2.895107;1.732051;-0.602705;-1.732051;-2.292402,2.895107,-2.292402
5,16,&D^^UY?,6,5,2.895107;1.732051;-0.602705;-1.732051;-2.292402,2.895107,-2.292402
5,16,&D^ZU]?,6,5,2.895107;1.732051;-0.602705;-1.732051;-2.292402,2.895107,-2.292402
5,12,&D^WOV?,2,5,2.797933;1.473626;0.000000;-1.473626;-2.797933,2.797933,-2.797933
5,12,&D^WWU?,2,5,2.797933;1.473626;0.000000;-1.473626;-2.797933,2.797933,-2.797933
5,12,&D^OZS?,2,5,2.797933;1.473626;0.000000;-1.473626;-2.797933,2.797933,-2.797933
5,12,&D^ORF?,2,5,2.797933;1.473626;0.000000;-1.473626;-2.797933,2.797933,-2.797933
5,12,&D¥SZW?,2,5,2.797933;1.473626;0.000000;-1.473626;-2.797933,2.797933,-2.797933
5,12,&D¥SRJ?,2,5,2.797933;1.473626;0.000000;-1.473626;-2.797933,2.797933,-2.797933
5,12,&D¥OZL?,2,5,2.797933;1.473626;0.000000;-1.473626;-2.797933,2.797933,-2.797933
5,12,&D¥OR]?,2,5,2.797933;1.473626;0.000000;-1.473626;-2.797933,2.797933,-2.797933
5,14,&D^YPV?,4,5,2.797933;1.473626;0.000000;-1.473626;-2.797933,2.797933,-2.797933
5,14,&D^QZT?,4,5,2.797933;1.473626;0.000000;-1.473626;-2.797933,2.797933,-2.797933
5,14,&D^]QR?,4,5,2.797933;1.473626;0.000000;-1.473626;-2.797933,2.797933,-2.797933
5,14,&D^YYF?,4,5,2.797933;1.473626;0.000000;-1.473626;-2.797933,2.797933,-2.797933
5,14,&D^YBV?,4,5,2.797933;1.473626;0.000000;-1.473626;-2.797933,2.797933,-2.797933
5,14,&D¥]HZ?,4,5,2.797933;1.473626;0.000000;-1.473626;-2.797933,2.797933,-2.797933
5,14,&D¥YX¥?,4,5,2.797933;1.473626;0.000000;-1.473626;-2.797933,2.797933,-2.797933
5,14,&D¥YQ^?,4,5,2.797933;1.473626;0.000000;-1.473626;-2.797933,2.797933,-2.797933
5,14,&D^^SB?,4,5,2.797933;1.473626;0.000000;-1.473626;-2.797933,2.797933,-2.797933
5,14,&D^^DQ?,4,5,2.797933;1.473626;0.000000;-1.473626;-2.797933,2.797933,-2.797933
5,14,&D^ZLS?,4,5,2.797933;1.473626;0.000000;-1.473626;-2.797933,2.797933,-2.797933
5,14,&D^VFB?,4,5,2.797933;1.473626;0.000000;-1.473626;-2.797933,2.797933,-2.797933
5,16,&D^ZUV?,6,5,2.797933;1.473626;0.000000;-1.473626;-2.797933,2.797933,-2.797933
5,16,&D^Z]U?,6,5,2.797933;1.473626;0.000000;-1.473626;-2.797933,2.797933,-2.797933
5,14,&D¥^SY?,4,5,2.797933;1.473626;0.000000;-1.473626;-2.797933,2.797933,-2.797933
5,14,&D¥^DJ?,4,5,2.797933;1.473626;0.000000;-1.473626;-2.797933,2.797933,-2.797933
5,14,&D¥ZLL?,4,5,2.797933;1.473626;0.000000;-1.473626;-2.797933,2.797933,-2.797933
5,14,&D¥VFY?,4,5,2.797933;1.473626;0.000000;-1.473626;-2.797933,2.797933,-2.797933
5,11,&D^WWD?,1,5,2.778457;1.732051;-0.289169;-1.732051;-2.489289,2.778457,-2.489289
5,11,&D^WOU?,1,5,2.778457;1.732051;-0.289169;-1.732051;-2.489289,2.778457,-2.489289
5,11,&D¥OYL?,1,5,2.778457;1.732051;-0.289169;-1.732051;-2.489289,2.778457,-2.489289
5,11,&D¥OQN?,1,5,2.778457;1.732051;-0.289169;-1.732051;-2.489289,2.778457,-2.489289
5,11,&D¥OJ[?,1,5,2.778457;1.732051;-0.289169;-1.732051;-2.489289,2.778457,-2.489289
5,11,&D¥OB]?,1,5,2.778457;1.732051;-0.289169;-1.732051;-2.489289,2.778457,-2.489289
5,11,&DX@U]?,1,5,2.778457;1.732051;-0.289169;-1.732051;-2.489289,2.778457,-2.489289
5,11,&DX@UN?,1,5,2.778457;1.732051;-0.289169;-1.732051;-2.489289,2.778457,-2.489289
5,13,&D¥]OZ?,3,5,2.778457;1.732051;-0.289169;-1.732051;-2.489289,2.778457,-2.489289
5,13,&D¥]@Z?,3,5,2.778457;1.732051;-0.289169;-1.732051;-2.489289,2.778457,-2.489289
5,13,&D¥YW¥?,3,5,2.778457;1.732051;-0.289169;-1.732051;-2.489289,2.778457,-2.489289
5,13,&D¥Y@^?,3,5,2.778457;1.732051;-0.289169;-1.732051;-2.489289,2.778457,-2.489289
5,13,&D¥QY¥?,3,5,2.778457;1.732051;-0.289169;-1.732051;-2.489289,2.778457,-2.489289
5,13,&D¥QQ^?,3,5,2.778457;1.732051;-0.289169;-1.732051;-2.489289,2.778457,-2.489289
5,13,&D^]SQ?,3,5,2.778457;1.732051;-0.289169;-1.732051;-2.489289,2.778457,-2.489289
5,13,&D^U]@?,3,5,2.778457;1.732051;-0.289169;-1.732051;-2.489289,2.778457,-2.489289
5,15,&D^U]U?,5,5,2.778457;1.732051;-0.289169;-1.732051;-2.489289,2.778457,-2.489289
5,15,&D^^DR?,5,5,2.778457;1.732051;-0.289169;-1.732051;-2.489289,2.778457,-2.489289
5,15,&D^VFR?,5,5,2.778457;1.732051;-0.289169;-1.732051;-2.489289,2.778457,-2.489289
5,15,&D^Z]D?,5,5,2.778457;1.732051;-0.289169;-1.732051;-2.489289,2.778457,-2.489289
5,15,&D^ZUU?,5,5,2.778457;1.732051;-0.289169;-1.732051;-2.489289,2.778457,-2.489289
5,13,&D¥Y[L?,3,5,2.778457;1.732051;-0.289169;-1.732051;-2.489289,2.778457,-2.489289
5,13,&D¥UUJ?,3,5,2.778457;1.732051;-0.289169;-1.732051;-2.489289,2.778457,-2.489289
5,15,&D¥U]N?,5,5,2.778457;1.732051;-0.289169;-1.732051;-2.489289,2.778457,-2.489289
5,15,&D¥^SZ?,5,5,2.778457;1.732051;-0.289169;-1.732051;-2.489289,2.778457,-2.489289
5,15,&D¥^DZ?,5,5,2.778457;1.732051;-0.289169;-1.732051;-2.489289,2.778457,-2.489289
5,15,&D^^SY?,5,5,2.778457;1.732051;-0.289169;-1.732051;-2.489289,2.778457,-2.489289
5,15,&D^ZD]?,5,5,2.778457;1.732051;-0.289169;-1.732051;-2.489289,2.778457,-2.489289
5,13,&D^YWU?,3,5,2.771179;1.301257;0.152993;-1.197083;-3.028347,2.771179,-3.028347
5,13,&D^YPU?,3,5,2.771179;1.301257;0.152993;-1.197083;-3.028347,2.771179,-3.028347
5,13,&D^QZS?,3,5,2.771179;1.301257;0.152993;-1.197083;-3.028347,2.771179,-3.028347
5,13,&D^YYS?,3,5,2.771179;1.301257;0.152993;-1.197083;-3.028347,2.771179,-3.028347
5,15,&D^YYV?,5,5,2.771179;1.301257;0.152993;-1.197083;-3.028347,2.771179,-3.028347
5,13,&D^YBF?,3,5,2.771179;1.301257;0.152993;-1.197083;-3.028347,2.771179,-3.028347
5,13,&D¥]XH?,3,5,2.771179;1.301257;0.152993;-1.197083;-3.028347,2.771179,-3.028347
5,13,&D¥YHN?,3,5,2.771179;1.301257;0.152993;-1.197083;-3.028347,2.771179,-3.028347
5,13,&D¥UJY?,3,5,2.771179;1.301257;0.152993;-1.197083;-3.028347,2.771179,-3.028347
5,13,&D¥URJ?,3,5,2.771179;1.301257;0.152993;-1.197083;-3.028347,2.771179,-3.028347
5,13,&D¥QR]?,3,5,2.771179;1.301257;0.152993;-1.197083;-3.028347,2.771179,-3.028347
5,15,&D^^LB?,5,5,2.771179;1.301257;0.152993;-1.197083;-3.028347,2.771179,-3.028347
5,15,&D^VFF?,5,5,2.771179;1.301257;0.152993;-1.197083;-3.028347,2.771179,-3.028347
5,12,&D^YHS?,2,5,2.761557;1.363328;0.414214;-2.124885;-2.414214,2.761557,-2.414214
5,14,&D^]RB?,4,5,2.761557;1.363328;0.414214;-2.124885;-2.414214,2.761557,-2.414214
5,12,&D¥]@J?,2,5,2.761557;1.363328;0.414214;-2.124885;-2.414214,2.761557,-2.414214
5,12,&D¥QY[?,2,5,2.761557;1.363328;0.414214;-2.124885;-2.414214,2.761557,-2.414214
5,14,&D¥YZ[?,4,5,2.761557;1.363328;0.414214;-2.124885;-2.414214,2.761557,-2.414214
5,12,&DXYLL?,2,5,2.761557;1.363328;0.414214;-2.124885;-2.414214,2.761557,-2.414214
5,14,&D^][D?,4,5,2.761557;1.363328;0.414214;-2.124885;-2.414214,2.761557,-2.414214
5,16,&D^^DV?,6,5,2.761557;1.363328;0.414214;-2.124885;-2.414214,2.761557,-2.414214
5,14,&D¥]SZ?,4,5,2.761557;1.363328;0.414214;-2.124885;-2.414214,2.761557,-2.414214
5,16,&D¥^LZ?,6,5,2.761557;1.363328;0.414214;-2.124885;-2.414214,2.761557,-2.414214
5,11,&D^OYS?,1,5,2.722593;1.493243;-0.161040;-1.000000;-3.054796,2.722593,-3.054796
5,11,&D^OBU?,1,5,2.722593;1.493243;-0.161040;-1.000000;-3.054796,2.722593,-3.054796
5,11,&D¥SQY?,1,5,2.722593;1.493243;-0.161040;-1.000000;-3.054796,2.722593,-3.054796
5,11,&D¥SQJ?,1,5,2.722593;1.493243;-0.161040;-1.000000;-3.054796,2.722593,-3.054796
5,11,&D¥@Y[?,1,5,2.722593;1.493243;-0.161040;-1.000000;-3.054796,2.722593,-3.054796
5,11,&D¥@QN?,1,5,2.722593;1.493243;-0.161040;-1.000000;-3.054796,2.722593,-3.054796
5,11,&DXH[L?,1,5,2.722593;1.493243;-0.161040;-1.000000;-3.054796,2.722593,-3.054796
5,11,&DXHS]?,1,5,2.722593;1.493243;-0.161040;-1.000000;-3.054796,2.722593,-3.054796
5,13,&D^YOV?,3,5,2.722593;1.493243;-0.161040;-1.000000;-3.054796,2.722593,-3.054796
5,13,&D^QBV?,3,5,2.722593;1.493243;-0.161040;-1.000000;-3.054796,2.722593,-3.054796
5,13,&D^^@Q?,3,5,2.722593;1.493243;-0.161040;-1.000000;-3.054796,2.722593,-3.054796
5,13,&D^RBU?,3,5,2.722593;1.493243;-0.161040;-1.000000;-3.054796,2.722593,-3.054796
5,13,&D¥ZH[?,3,5,2.722593;1.493243;-0.161040;-1.000000;-3.054796,2.722593,-3.054796
5,13,&D¥ZHL?,3,5,2.722593;1.493243;-0.161040;-1.000000;-3.054796,2.722593,-3.054796
5,13,&DX][X?,3,5,2.722593;1.493243;-0.161040;-1.000000;-3.054796,2.722593,-3.054796
5,13,&DXYS^?,3,5,2.722593;1.493243;-0.161040;-1.000000;-3.054796,2.722593,-3.054796
5,13,&D^]SB?,3,5,2.722593;1.493243;-0.161040;-1.000000;-3.054796,2.722593,-3.054796
5,13,&D^YSU?,3,5,2.722593;1.493243;-0.161040;-1.000000;-3.054796,2.722593,-3.054796
5,15,&D^]SV?,5,5,2.722593;1.493243;-0.161040;-1.000000;-3.054796,2.722593,-3.054796
5,15,&D^][U?,5,5,2.722593;1.493243;-0.161040;-1.000000;-3.054796,2.722593,-3.054796
5,15,&D^ZSV?,5,5,2.722593;1.493243;-0.161040;-1.000000;-3.054796,2.722593,-3.054796
5,15,&D^^UB?,5,5,2.722593;1.493243;-0.161040;-1.000000;-3.054796,2.722593,-3.054796
5,13,&D¥][H?,3,5,2.722593;1.493243;-0.161040;-1.000000;-3.054796,2.722593,-3.054796
5,13,&D¥Y[[?,3,5,2.722593;1.493243;-0.161040;-1.000000;-3.054796,2.722593,-3.054796
5,15,&D¥Y[^?,5,5,2.722593;1.493243;-0.161040;-1.000000;-3.054796,2.722593,-3.054796
5,15,&D¥][¥?,5,5,2.722593;1.493243;-0.161040;-1.000000;-3.054796,2.722593,-3.054796
5,15,&D¥VNX?,5,5,2.722593;1.493243;-0.161040;-1.000000;-3.054796,2.722593,-3.054796
5,15,&D¥Z][?,5,5,2.722593;1.493243;-0.161040;-1.000000;-3.054796,2.722593,-3.054796
5,15,&D^^DY?,5,5,2.722593;1.493243;-0.161040;-1.000000;-3.054796,2.722593,-3.054796
5,13,&D^YXD?,3,5,2.720492;1.861787;-0.513981;-1.489646;-2.578653,2.720492,-2.578653
5,13,&D^]QQ?,3,5,2.720492;1.861787;-0.513981;-1.489646;-2.578653,2.720492,-2.578653
5,13,&D^YYD?,3,5,2.720492;1.861787;-0.513981;-1.489646;-2.578653,2.720492,-2.578653
5,13,&D^YJD?,3,5,2.720492;1.861787;-0.513981;-1.489646;-2.578653,2.720492,-2.578653
5,13,&D¥]WY?,3,5,2.720492;1.861787;-0.513981;-1.489646;-2.578653,2.720492,-2.578653
5,13,&D¥]HY?,3,5,2.720492;1.861787;-0.513981;-1.489646;-2.578653,2.720492,-2.578653
5,13,&D¥]PY?,3,5,2.720492;1.861787;-0.513981;-1.489646;-2.578653,2.720492,-2.578653
5,13,&D¥YH]?,3,5,2.720492;1.861787;-0.513981;-1.489646;-2.578653,2.720492,-2.578653
5,13,&D¥YYL?,3,5,2.720492;1.861787;-0.513981;-1.489646;-2.578653,2.720492,-2.578653
5,13,&DXYT]?,3,5,2.720492;1.861787;-0.513981;-1.489646;-2.578653,2.720492,-2.578653
5,15,&D^ZLU?,5,5,2.720492;1.861787;-0.513981;-1.489646;-2.578653,2.720492,-2.578653
5,15,&D^^SU?,5,5,2.720492;1.861787;-0.513981;-1.489646;-2.578653,2.720492,-2.578653
5,15,&D¥ZL]?,5,5,2.720492;1.861787;-0.513981;-1.489646;-2.578653,2.720492,-2.578653
5,11,&D^@YS?,1,5,2.676733;1.000000;0.339102;-0.655762;-3.360073,2.676733,-3.360073
5,11,&D¥DYW?,1,5,2.676733;1.000000;0.339102;-0.655762;-3.360073,2.676733,-3.360073
5,11,&D¥DQY?,1,5,2.676733;1.000000;0.339102;-0.655762;-3.360073,2.676733,-3.360073
5,11,&D¥DQJ?,1,5,2.676733;1.000000;0.339102;-0.655762;-3.360073,2.676733,-3.360073
5,13,&D^YSF?,3,5,2.676733;1.000000;0.339102;-0.655762;-3.360073,2.676733,-3.360073
5,15,&D^Y[V?,5,5,2.676733;1.000000;0.339102;-0.655762;-3.360073,2.676733,-3.360073
5,13,&D¥][W?,3,5,2.676733;1.000000;0.339102;-0.655762;-3.360073,2.676733,-3.360073
5,15,&D¥][]?,5,5,2.676733;1.000000;0.339102;-0.655762;-3.360073,2.676733,-3.360073
5,16,&D^U]V?,6,5,2.645751;1.732051;0.000000;-1.732051;-2.645751,2.645751,-2.645751
5,14,&D^]SY?,4,5,2.645751;1.732051;0.000000;-1.732051;-2.645751,2.645751,-2.645751
5,14,&D^Y[[?,4,5,2.645751;1.732051;0.000000;-1.732051;-2.645751,2.645751,-2.645751
5,14,&D^Y[L?,4,5,2.645751;1.732051;0.000000;-1.732051;-2.645751,2.645751,-2.645751
5,12,&D^Y@F?,2,5,2.601780;1.398585;0.300594;-1.166810;-3.134150,2.601780,-3.134150
5,12,&D^QQU?,2,5,2.601780;1.398585;0.300594;-1.166810;-3.134150,2.601780,-3.134150
5,12,&D¥]HW?,2,5,2.601780;1.398585;0.300594;-1.166810;-3.134150,2.601780,-3.134150
5,12,&D¥UYH?,2,5,2.601780;1.398585;0.300594;-1.166810;-3.134150,2.601780,-3.134150
5,12,&D¥UBY?,2,5,2.601780;1.398585;0.300594;-1.166810;-3.134150,2.601780,-3.134150
5,12,&D¥QJL?,2,5,2.601780;1.398585;0.300594;-1.166810;-3.134150,2.601780,-3.134150
5,12,&DX]SJ?,2,5,2.601780;1.398585;0.300594;-1.166810;-3.134150,2.601780,-3.134150
5,12,&DXY[[?,2,5,2.601780;1.398585;0.300594;-1.166810;-3.134150,2.601780,-3.134150
5,14,&D^Y[U?,4,5,2.601780;1.398585;0.300594;-1.166810;-3.134150,2.601780,-3.134150
5,14,&D^Y[F?,4,5,2.601780;1.398585;0.300594;-1.166810;-3.134150,2.601780,-3.134150
5,16,&D^ZLV?,6,5,2.601780;1.398585;0.300594;-1.166810;-3.134150,2.601780,-3.134150
5,14,&D¥][Y?,4,5,2.601780;1.398585;0.300594;-1.166810;-3.134150,2.601780,-3.134150
5,14,&D¥Y[]?,4,5,2.601780;1.398585;0.300594;-1.166810;-3.134150,2.601780,-3.134150
5,13,&D^YHU?,3,5,2.578653;1.489646;0.513981;-1.861787;-2.720492,2.578653,-2.720492
5,13,&D^]QB?,3,5,2.578653;1.489646;0.513981;-1.861787;-2.720492,2.578653,-2.720492
5,13,&D^YQF?,3,5,2.578653;1.489646;0.513981;-1.861787;-2.720492,2.578653,-2.720492
5,13,&D^YJS?,3,5,2.578653;1.489646;0.513981;-1.861787;-2.720492,2.578653,-2.720492
5,15,&D^YJV?,5,5,2.578653;1.489646;0.513981;-1.861787;-2.720492,2.578653,-2.720492
5,13,&D¥]HJ?,3,5,2.578653;1.489646;0.513981;-1.861787;-2.720492,2.578653,-2.720492
5,13,&D¥UYY?,3,5,2.578653;1.489646;0.513981;-1.861787;-2.720492,2.578653,-2.720492
5,13,&D¥QJ]?,3,5,2.578653;1.489646;0.513981;-1.861787;-2.720492,2.578653,-2.720492
5,13,&D¥UY[?,3,5,2.578653;1.489646;0.513981;-1.861787;-2.720492,2.578653,-2.720492
5,13,&D¥YY[?,3,5,2.578653;1.489646;0.513981;-1.861787;-2.720492,2.578653,-2.720492
5,13,&DX]TY?,3,5,2.578653;1.489646;0.513981;-1.861787;-2.720492,2.578653,-2.720492
5,15,&D^^DU?,5,5,2.578653;1.489646;0.513981;-1.861787;-2.720492,2.578653,-2.720492
5,15,&D¥^LY?,5,5,2.578653;1.489646;0.513981;-1.861787;-2.720492,2.578653,-2.720492
5,12,&D^@ZD?,2,4,2.561553;1.000000;1.000000;-1.561553;-3.000000,2.561553,-3.000000
5,12,&D¥SYX?,2,4,2.561553;1.000000;1.000000;-1.561553;-3.000000,2.561553,-3.000000
5,12,&D¥SBZ?,2,4,2.561553;1.000000;1.000000;-1.561553;-3.000000,2.561553,-3.000000
5,12,&D¥OY]?,2,4,2.561553;1.000000;1.000000;-1.561553;-3.000000,2.561553,-3.000000
5,12,&DXHTN?,2,4,2.561553;1.000000;1.000000;-1.561553;-3.000000,2.561553,-3.000000
5,14,&D^YHV?,4,4,2.561553;1.000000;1.000000;-1.561553;-3.000000,2.561553,-3.000000
5,14,&D^YJU?,4,4,2.561553;1.000000;1.000000;-1.561553;-3.000000,2.561553,-3.000000
5,14,&D^ZHT?,4,4,2.561553;1.000000;1.000000;-1.561553;-3.000000,2.561553,-3.000000
5,14,&D¥YY]?,4,4,2.561553;1.000000;1.000000;-1.561553;-3.000000,2.561553,-3.000000
5,14,&D¥VBZ?,4,4,2.561553;1.000000;1.000000;-1.561553;-3.000000,2.561553,-3.000000
5,14,&D^ZDF?,4,4,2.561553;1.000000;1.000000;-1.561553;-3.000000,2.561553,-3.000000
5,14,&D¥^LW?,4,4,2.561553;1.000000;1.000000;-1.561553;-3.000000,2.561553,-3.000000
5,16,&D^ZL¥?,6,4,2.561553;1.000000;1.000000;-1.561553;-3.000000,2.561553,-3.000000
5,11,&D^OQU?,1,5,2.489289;1.732051;0.289169;-1.732051;-2.778457,2.489289,-2.778457
5,11,&D^OQF?,1,5,2.489289;1.732051;0.289169;-1.732051;-2.778457,2.489289,-2.778457
5,11,&D¥SYW?,1,5,2.489289;1.732051;0.289169;-1.732051;-2.778457,2.489289,-2.778457
5,11,&D¥SBY?,1,5,2.489289;1.732051;0.289169;-1.732051;-2.778457,2.489289,-2.778457
5,11,&D¥@YL?,1,5,2.489289;1.732051;0.289169;-1.732051;-2.778457,2.489289,-2.778457
5,11,&D¥@Q]?,1,5,2.489289;1.732051;0.289169;-1.732051;-2.778457,2.489289,-2.778457
5,11,&DXH[[?,1,5,2.489289;1.732051;0.289169;-1.732051;-2.778457,2.489289,-2.778457
5,11,&DXHSN?,1,5,2.489289;1.732051;0.289169;-1.732051;-2.778457,2.489289,-2.778457
5,13,&D^YHT?,3,5,2.489289;1.732051;0.289169;-1.732051;-2.778457,2.489289,-2.778457
5,13,&D^Y@V?,3,5,2.489289;1.732051;0.289169;-1.732051;-2.778457,2.489289,-2.778457
5,13,&D^QQV?,3,5,2.489289;1.732051;0.289169;-1.732051;-2.778457,2.489289,-2.778457
5,13,&D^ZHS?,3,5,2.489289;1.732051;0.289169;-1.732051;-2.778457,2.489289,-2.778457
5,13,&D^Z@U?,3,5,2.489289;1.732051;0.289169;-1.732051;-2.778457,2.489289,-2.778457
5,13,&D^Z@F?,3,5,2.489289;1.732051;0.289169;-1.732051;-2.778457,2.489289,-2.778457
5,13,&D¥VBY?,3,5,2.489289;1.732051;0.289169;-1.732051;-2.778457,2.489289,-2.778457
5,13,&DX]SZ?,3,5,2.489289;1.732051;0.289169;-1.732051;-2.778457,2.489289,-2.778457
5,13,&DXY[¥?,3,5,2.489289;1.732051;0.289169;-1.732051;-2.778457,2.489289,-2.778457
5,13,&DXYL¥?,3,5,2.489289;1.732051;0.289169;-1.732051;-2.778457,2.489289,-2.778457
5,13,&D^Y[D?,3,5,2.489289;1.732051;0.289169;-1.732051;-2.778457,2.489289,-2.778457
5,13,&D^UUB?,3,5,2.489289;1.732051;0.289169;-1.732051;-2.778457,2.489289,-2.778457
5,15,&D^U]F?,5,5,2.489289;1.732051;0.289169;-1.732051;-2.778457,2.489289,-2.778457
5,15,&D^ZDV?,5,5,2.489289;1.732051;0.289169;-1.732051;-2.778457,2.489289,-2.778457
5,13,&D¥]SY?,3,5,2.489289;1.732051;0.289169;-1.732051;-2.778457,2.489289,-2.778457
5,13,&D¥U]H?,3,5,2.489289;1.732051;0.289169;-1.732051;-2.778457,2.489289,-2.778457
5,15,&D¥U]]?,5,5,2.489289;1.732051;0.289169;-1.732051;-2.778457,2.489289,-2.778457
5,15,&D¥^LX?,5,5,2.489289;1.732051;0.289169;-1.732051;-2.778457,2.489289,-2.778457
5,15,&D^ZL[?,5,5,2.489289;1.732051;0.289169;-1.732051;-2.778457,2.489289,-2.778457
5,13,&D¥]HX?,3,4,2.470896;1.000000;1.000000;-1.260711;-3.210184,2.470896,-3.210184
5,13,&D¥YH¥?,3,4,2.470896;1.000000;1.000000;-1.260711;-3.210184,2.470896,-3.210184
5,13,&D¥UYX?,3,4,2.470896;1.000000;1.000000;-1.260711;-3.210184,2.470896,-3.210184
5,13,&D¥UQZ?,3,4,2.470896;1.000000;1.000000;-1.260711;-3.210184,2.470896,-3.210184
5,13,&D¥UBZ?,3,4,2.470896;1.000000;1.000000;-1.260711;-3.210184,2.470896,-3.210184
5,13,&D¥QJ¥?,3,4,2.470896;1.000000;1.000000;-1.260711;-3.210184,2.470896,-3.210184
5,15,&D^ZLT?,5,4,2.470896;1.000000;1.000000;-1.260711;-3.210184,2.470896,-3.210184
5,15,&D¥ZL¥?,5,4,2.470896;1.000000;1.000000;-1.260711;-3.210184,2.470896,-3.210184
5,12,&D^YHD?,2,5,2.414214;2.124885;-0.414214;-1.363328;-2.761557,2.414214,-2.761557
5,12,&D^QBU?,2,5,2.414214;1.449490;0.000000;-0.414214;-3.449490,2.414214,-3.449490
5,14,&D^YZD?,4,5,2.414214;2.124885;-0.414214;-1.363328;-2.761557,2.414214,-2.761557
5,14,&D^YRU?,4,5,2.414214;1.449490;0.000000;-0.414214;-3.449490,2.414214,-3.449490
5,12,&D¥]@Y?,2,5,2.414214;2.124885;-0.414214;-1.363328;-2.761557,2.414214,-2.761557
5,12,&D¥UJW?,2,5,2.414214;1.449490;0.000000;-0.414214;-3.449490,2.414214,-3.449490
5,12,&D¥UJH?,2,5,2.414214;1.449490;0.000000;-0.414214;-3.449490,2.414214,-3.449490
5,12,&D¥QYL?,2,5,2.414214;2.124885;-0.414214;-1.363328;-2.761557,2.414214,-2.761557
5,12,&DX][W?,2,5,2.414214;1.449490;0.000000;-0.414214;-3.449490,2.414214,-3.449490
5,12,&DXYL[?,2,5,2.414214;2.124885;-0.414214;-1.363328;-2.761557,2.414214,-2.761557
5,14,&D^YSV?,4,5,2.414214;1.449490;0.000000;-0.414214;-3.449490,2.414214,-3.449490
5,14,&D^]SU?,4,5,2.414214;2.124885;-0.414214;-1.363328;-2.761557,2.414214,-2.761557
5,14,&D¥Y[¥?,4,5,2.414214;2.124885;-0.414214;-1.363328;-2.761557,2.414214,-2.761557
5,14,&D¥][[?,4,5,2.414214;1.449490;0.000000;-0.414214;-3.449490,2.414214,-3.449490
5,12,&D¥SQZ?,2,4,2.372281;1.000000;1.000000;-1.000000;-3.372281,2.372281,-3.372281
5,12,&D¥DYX?,2,4,2.372281;1.000000;1.000000;-1.000000;-3.372281,2.372281,-3.372281
5,14,&D^YYU?,4,4,2.372281;1.000000;1.000000;-1.000000;-3.372281,2.372281,-3.372281
5,14,&D¥URZ?,4,4,2.372281;1.000000;1.000000;-1.000000;-3.372281,2.372281,-3.372281
5,14,&D¥ZH¥?,4,4,2.372281;1.000000;1.000000;-1.000000;-3.372281,2.372281,-3.372281
5,13,&D^YHF?,3,5,2.364612;1.573355;0.436353;-1.144225;-3.230094,2.364612,-3.230094
5,13,&D^QZD?,3,5,2.364612;1.573355;0.436353;-1.144225;-3.230094,2.364612,-3.230094
5,13,&D^QRF?,3,5,2.364612;1.573355;0.436353;-1.144225;-3.230094,2.364612,-3.230094
5,13,&D^YQU?,3,5,2.364612;1.573355;0.436353;-1.144225;-3.230094,2.364612,-3.230094
5,13,&D^YBU?,3,5,2.364612;1.573355;0.436353;-1.144225;-3.230094,2.364612,-3.230094
5,13,&D¥UJJ?,3,5,2.364612;1.573355;0.436353;-1.144225;-3.230094,2.364612,-3.230094
5,13,&D¥URY?,3,5,2.364612;1.573355;0.436353;-1.144225;-3.230094,2.364612,-3.230094
5,13,&D¥QJN?,3,5,2.364612;1.573355;0.436353;-1.144225;-3.230094,2.364612,-3.230094
5,13,&D¥UYL?,3,5,2.364612;1.573355;0.436353;-1.144225;-3.230094,2.364612,-3.230094
5,13,&D¥UJ[?,3,5,2.364612;1.573355;0.436353;-1.144225;-3.230094,2.364612,-3.230094
5,15,&D^ZLF?,5,5,2.364612;1.573355;0.436353;-1.144225;-3.230094,2.364612,-3.230094
5,12,&D^OZD?,2,5,2.353001;1.810260;0.229967;-1.335441;-3.057787,2.353001,-3.057787
5,12,&D^ORU?,2,5,2.353001;1.810260;0.229967;-1.335441;-3.057787,2.353001,-3.057787
5,12,&D¥SZH?,2,5,2.353001;1.810260;0.229967;-1.335441;-3.057787,2.353001,-3.057787
5,12,&D¥SRY?,2,5,2.353001;1.810260;0.229967;-1.335441;-3.057787,2.353001,-3.057787
5,14,&D^QRV?,4,5,2.353001;1.810260;0.229967;-1.335441;-3.057787,2.353001,-3.057787
5,14,&D^YQV?,4,5,2.353001;1.810260;0.229967;-1.335441;-3.057787,2.353001,-3.057787
5,14,&D^YJF?,4,5,2.353001;1.810260;0.229967;-1.335441;-3.057787,2.353001,-3.057787
5,14,&D¥UZ[?,4,5,2.353001;1.810260;0.229967;-1.335441;-3.057787,2.353001,-3.057787
5,14,&D^^DB?,4,5,2.353001;1.810260;0.229967;-1.335441;-3.057787,2.353001,-3.057787
5,14,&D^ZLD?,4,5,2.353001;1.810260;0.229967;-1.335441;-3.057787,2.353001,-3.057787
5,14,&D¥^DY?,4,5,2.353001;1.810260;0.229967;-1.335441;-3.057787,2.353001,-3.057787
5,14,&D¥ZL[?,4,5,2.353001;1.810260;0.229967;-1.335441;-3.057787,2.353001,-3.057787
5,12,&D^Y@U?,2,5,2.292402;1.732051;0.602705;-1.732051;-2.895107,2.292402,-2.895107
5,12,&D^QQF?,2,5,2.292402;1.732051;0.602705;-1.732051;-2.895107,2.292402,-2.895107
5,12,&D¥]HH?,2,5,2.292402;1.732051;0.602705;-1.732051;-2.895107,2.292402,-2.895107
5,12,&D¥UYW?,2,5,2.292402;1.732051;0.602705;-1.732051;-2.895107,2.292402,-2.895107
5,12,&D¥UBJ?,2,5,2.292402;1.732051;0.602705;-1.732051;-2.895107,2.292402,-2.895107
5,12,&D¥QJ[?,2,5,2.292402;1.732051;0.602705;-1.732051;-2.895107,2.292402,-2.895107
5,12,&DX]SY?,2,5,2.292402;1.732051;0.602705;-1.732051;-2.895107,2.292402,-2.895107
5,12,&DXY[L?,2,5,2.292402;1.732051;0.602705;-1.732051;-2.895107,2.292402,-2.895107
5,14,&D^U]D?,4,5,2.292402;1.732051;0.602705;-1.732051;-2.895107,2.292402,-2.895107
5,14,&D^UUF?,4,5,2.292402;1.732051;0.602705;-1.732051;-2.895107,2.292402,-2.895107
5,14,&D¥U][?,4,5,2.292402;1.732051;0.602705;-1.732051;-2.895107,2.292402,-2.895107
5,14,&D¥U]L?,4,5,2.292402;1.732051;0.602705;-1.732051;-2.895107,2.292402,-2.895107
5,12,&D^OQV?,2,3,2.236068;2.236068;0.000000;-2.236068;-2.236068,2.236068,-2.236068
5,12,&D¥OJ]?,2,3,2.236068;2.236068;0.000000;-2.236068;-2.236068,2.236068,-2.236068
5,14,&D^YJT?,4,3,2.236068;2.236068;0.000000;-2.236068;-2.236068,2.236068,-2.236068
5,14,&D^Z@V?,4,3,2.236068;2.236068;0.000000;-2.236068;-2.236068,2.236068,-2.236068
5,14,&D¥YY¥?,4,3,2.236068;2.236068;0.000000;-2.236068;-2.236068,2.236068,-2.236068
5,14,&D^ZDU?,4,3,2.236068;2.236068;0.000000;-2.236068;-2.236068,2.236068,-2.236068
5,14,&D¥^LH?,4,3,2.236068;2.236068;0.000000;-2.236068;-2.236068,2.236068,-2.236068
5,12,&D¥DYY?,2,4,2.141336;1.000000;1.000000;-0.515138;-3.626198,2.141336,-3.626198
5,14,&D¥UZL?,4,4,2.141336;1.000000;1.000000;-0.515138;-3.626198,2.141336,-3.626198
5,11,&D^@QU?,1,5,2.000000;1.732051;1.000000;-1.732051;-3.000000,2.000000,-3.000000
5,11,&D¥DYH?,1,5,2.000000;1.732051;1.000000;-1.732051;-3.000000,2.000000,-3.000000
5,13,&D^QRU?,3,5,2.000000;1.793604;0.284079;-0.557537;-3.520147,2.000000,-3.520147
5,13,&D¥UJX?,3,4,2.000000;1.000000;1.000000;-0.267949;-3.732051,2.000000,-3.732051
5,13,&D¥UJL?,3,5,2.000000;1.793604;0.284079;-0.557537;-3.520147,2.000000,-3.520147
5,15,&D¥UZ¥?,5,5,2.000000;1.793604;0.284079;-0.557537;-3.520147,2.000000,-3.520147
5,13,&D^QUF?,3,5,2.000000;1.732051;1.000000;-1.732051;-3.000000,2.000000,-3.000000
5,13,&D¥U]W?,3,5,2.000000;1.732051;1.000000;-1.732051;-3.000000,2.000000,-3.000000
